Year,Cause of Death,Deaths
2000,Diseases of heart,710760
2000,Malignant neoplasms,553091
2000,Cerebrovascular diseases,167661
2000,Chronic lower respiratory diseases,122009
2000,Accidents (unintentional injuries),97900
2000,Diabetes mellitus,69301
2000,Influenza and pneumonia,65313
2000,Alzheimer’s disease,49558
2000,Nephritis nephrotic syndrome and nephrosis,37251
2000,Septicemia,31224
2000,Intentional self-harm (suicide),29350
2000,Chronic liver disease and cirrhosis,26552
2000,Essential (primary) hypertension and hypertensive renal disease,18073
2000,Assault (homicide) ,16765
2000,Pneumonitis due to solids and liquids,16636
2000,All other causes,391904
2001,Diseases of heart,700142
2001,Malignant neoplasms,553768
2001,Cerebrovascular diseases,163538
2001,Chronic lower respiratory diseases,123013
2001,Accidents (unintentional injuries),101537
2001,Diabetes mellitus,71372
2001,Influenza and pneumonia,62034
2001,Alzheimer’s disease,53852
2001,Nephritis nephrotic syndrome and nephrosis,39480
2001,Septicemia,32238
2001,Intentional self-harm (suicide),30622
2001,Chronic liver disease and cirrhosis,27035
2001,Essential (primary) hypertension and hypertensive renal disease,19250
2001,Assault (homicide) ,20308
2001,Pneumonitis due to solids and liquids,17301
2001,All other causes,400935
2009,Diseases of heart,599413
2009,Malignant neoplasms,567628
2009,Cerebrovascular diseases,128842
2009,Chronic lower respiratory diseases,137353
2009,Accidents (unintentional injuries),118021
2009,Diabetes mellitus,68705
2009,Influenza and pneumonia,53692
2009,Alzheimer’s disease,79003
2009,Nephritis nephrotic syndrome and nephrosis,48935
2009,Septicemia,35639
2009,Intentional self-harm (suicide),36909
2009,Chronic liver disease and cirrhosis,30558
2009,Essential (primary) hypertension and hypertensive renal disease,25734
2009,Assault (homicide) ,16799
2009,Parkinson's disease,20565
2009,All other causes,469367
2010,Diseases of heart,595444
2010,Malignant neoplasms,573855
2010,Chronic lower respiratory diseases,129180
2010,Cerebrovascular diseases,123180
2010,Accidents (unintentional injuries),118043
2010,Diabetes mellitus,68905
2010,Influenza and pneumonia,50003
2010,Alzheimer’s disease,83308
2010,Nephritis nephrotic syndrome and nephrosis,50472
2010,Septicemia,34843
2010,Intentional self-harm (suicide),37793
2010,Chronic liver disease and cirrhosis,31802
2010,Essential (primary) hypertension and hypertensive renal disease,26577
2010,Parkinson's disease,21963
2010,Pneumonitis due to solids and liquids,17001
2010,All other causes,488954
2013,Diseases of heart,611105
2013,Malignant neoplasms,584881
2013,Cerebrovascular diseases,128978
2013,Chronic lower respiratory diseases,149205
2013,Accidents (unintentional injuries),130557
2013,Diabetes mellitus,75578
2013,Influenza and pneumonia,56979
2013,Alzheimer’s disease,84767
2013,Nephritis nephrotic syndrome and nephrosis,47112
2013,Septicemia,38156
2013,Intentional self-harm (suicide),41149
2013,Chronic liver disease and cirrhosis,36427
2013,Essential (primary) hypertension and hypertensive renal disease,30770
2013,Parkinson's disease,25196
2013,Pneumonitis due to solids and liquids,18579
2013,All other causes,537554
2014,Diseases of heart,614348
2014,Malignant neoplasms,591699
2014,Cerebrovascular diseases,133103
2014,Chronic lower respiratory diseases,147101
2014,Accidents (unintentional injuries),136053
2014,Diabetes mellitus,76488
2014,Influenza and pneumonia,55227
2014,Alzheimer’s disease,93541
2014,Nephritis nephrotic syndrome and nephrosis,48146
2014,Septicemia,38940
2014,Intentional self-harm (suicide),42773
2014,Chronic liver disease and cirrhosis,38170
2014,Essential (primary) hypertension and hypertensive renal disease,30221
2014,Parkinson's disease,26150
2014,Pneumonitis due to solids and liquids,18792
2014,All other causes,535666